{

    "Tiles": [
        {
            "SubCategory": [
                {
                    "subCategoryId": "268743",
                    "Status": false,
                    "subCategoryName": "Most Recent",
                    "Id": "agxzfmFwbW9iaWxlNTByHwsSFkFQQ29udGV4dHVhbE5hdmlnYXRpb24Y5660Bww"
                },
                {
                    "subCategoryId": "268744",
                    "Status": false,
                    "subCategoryName": "Most Shared",
                    "Id": "agxzfmFwbW9iaWxlNTByHwsSFkFQQ29udGV4dHVhbE5hdmlnYXRpb24Ypp2yBww"
                }
            ],
            "Caption": "Top News",
            "HierarchyType": "client_media_us_english",
            "ListIndex": 1,
            "DataSourceProperties": {
                "Id": "268741"
            },
            "DataSourceType": "VerveCategory",
            "DateUpdated": "2013-06-26 10:18:01.844250",
            "Id": "agxzfmFwbW9iaWxlNTByHwsSFkFQQ29udGV4dHVhbE5hdmlnYXRpb24YlaSbBww",
            "DisplayOrder": 1,
            "TileProperties": {
                "DefaultDisplay": true,
                "Dimensions": {
                    "Width": 1,
                    "Height": 1
                },
                "IsFeature": false,
                "HomeURL": "http://services.apmobileapps.com/rest/v1/heroimages/get/289563",
                "Movable": true,
                "SponsorURL": null,
                "Removable": true,
                "TileText": "Crimean leaders sign treaty to join Russia",
                "HomeTileStatus": true,
                "Size": "standard"
            }
        },
        {
            "SubCategory": [
                {
                    "subCategoryId": "268756",
                    "Status": false,
                    "subCategoryName": "Auto Racing",
                    "Id": "agxzfmFwbW9iaWxlNTByHwsSFkFQQ29udGV4dHVhbE5hdmlnYXRpb24YlqSbBww"
                },
                {
                    "subCategoryId": "268753",
                    "Status": false,
                    "subCategoryName": "College Sports",
                    "Id": "agxzfmFwbW9iaWxlNTByHwsSFkFQQ29udGV4dHVhbE5hdmlnYXRpb24Yj7qeBww"
                },
                {
                    "subCategoryId": "268759",
                    "Status": false,
                    "subCategoryName": "Soccer",
                    "Id": "agxzfmFwbW9iaWxlNTByHwsSFkFQQ29udGV4dHVhbE5hdmlnYXRpb24YkLqeBww"
                },
                {
                    "subCategoryId": "268751",
                    "Status": false,
                    "subCategoryName": "Football",
                    "Id": "agxzfmFwbW9iaWxlNTByHwsSFkFQQ29udGV4dHVhbE5hdmlnYXRpb24Y7tWnBww"
                },
                {
                    "subCategoryId": "268752",
                    "Status": false,
                    "subCategoryName": "Baseball",
                    "Id": "agxzfmFwbW9iaWxlNTByHwsSFkFQQ29udGV4dHVhbE5hdmlnYXRpb24Yn-epBww"
                },
                {
                    "subCategoryId": "268755",
                    "Status": false,
                    "subCategoryName": "Hockey",
                    "Id": "agxzfmFwbW9iaWxlNTByHwsSFkFQQ29udGV4dHVhbE5hdmlnYXRpb24YnM2qBww"
                },
                {
                    "subCategoryId": "268754",
                    "Status": false,
                    "subCategoryName": "Basketball",
                    "Id": "agxzfmFwbW9iaWxlNTByHwsSFkFQQ29udGV4dHVhbE5hdmlnYXRpb24Yg5rVBww"
                }
            ],
            "Caption": "Sports",
            "HierarchyType": "client_media_us_english",
            "ListIndex": 2,
            "DataSourceProperties": {
                "Id": "268749"
            },
            "DataSourceType": "VerveCategory",
            "DateUpdated": "2013-06-26 10:18:02.011811",
            "Id": "agxzfmFwbW9iaWxlNTByHwsSFkFQQ29udGV4dHVhbE5hdmlnYXRpb24YkNWdBww",
            "DisplayOrder": 2,
            "TileProperties": {
                "DefaultDisplay": true,
                "Dimensions": {
                    "Width": 1,
                    "Height": 1
                },
                "IsFeature": false,
                "HomeURL": "http://services.apmobileapps.com/rest/v1/heroimages/get/268750",
                "Movable": true,
                "SponsorURL": null,
                "Removable": true,
                "TileText": "Pacers hand 76ers 21st straight loss, 99-90",
                "HomeTileStatus": true,
                "Size": "standard"
            }
        },
        {
            "HierarchyType": "client_media_us_english",
            "SwipeInterval": 3,
            "DataSourceType": "APContextual",
            "IsAdUnit": false,
            "Caption": "AP Radio",
            "AdRefreshFrequency": 15,
            "DateUpdated": "2013-10-16 15:40:09.512960",
            "DataSourceProperties": {
                "URL": null,
                "Id": "0000",
                "IsFullScreen": true
            },
            "TileProperties": {
                "DefaultDisplay": true,
                "Dimensions": {
                    "Width": 1,
                    "Height": 1
                },
                "IsFeatured": false,
                "Movable": true,
                "Removable": true,
                "HomeURL": "http://apcontextual.appspot.com/Tiles/Stitcher/Android_Support_1/Stitcher_HomeTile_04.html",
                "HomeTileStatus": true,
                "Size": "standard"
            },
            "Id": "agxzfmFwbW9iaWxlNTByGAsSD0FQU2VnbWVudFJlY29yZBjChPIMDA",
            "DisplayOrder": 3
        },
        {
            "SubCategory": [
                {
                    "subCategoryId": "268765",
                    "Status": false,
                    "subCategoryName": "Celebrity",
                    "Id": "agxzfmFwbW9iaWxlNTByHwsSFkFQQ29udGV4dHVhbE5hdmlnYXRpb24Ync2qBww"
                },
                {
                    "subCategoryId": "268768",
                    "Status": false,
                    "subCategoryName": "TV",
                    "Id": "agxzfmFwbW9iaWxlNTByHwsSFkFQQ29udGV4dHVhbE5hdmlnYXRpb24Y3pixBww"
                },
                {
                    "subCategoryId": "268769",
                    "Status": false,
                    "subCategoryName": "Reviews",
                    "Id": "agxzfmFwbW9iaWxlNTByHwsSFkFQQ29udGV4dHVhbE5hdmlnYXRpb24Y6a60Bww"
                }
            ],
            "Caption": "Entertainment",
            "HierarchyType": "client_media_us_english",
            "ListIndex": 5,
            "DataSourceProperties": {
                "Id": "268763"
            },
            "DataSourceType": "VerveCategory",
            "DateUpdated": "2013-06-26 10:18:02.548654",
            "Id": "agxzfmFwbW9iaWxlNTByHwsSFkFQQ29udGV4dHVhbE5hdmlnYXRpb24Yp52yBww",
            "DisplayOrder": 5,
            "TileProperties": {
                "DefaultDisplay": true,
                "Dimensions": {
                    "Width": 1,
                    "Height": 1
                },
                "IsFeature": false,
                "HomeURL": "http://services.apmobileapps.com/rest/v1/heroimages/get/268764",
                "Movable": true,
                "SponsorURL": null,
                "Removable": true,
                "TileText": "Rolling Stones scrap show after L'Wren Scott death",
                "HomeTileStatus": true,
                "Size": "standard"
            }
        },
        {
            "HierarchyType": "client_media_us_english",
            "SwipeInterval": 3,
            "DataSourceType": "APContextual",
            "IsAdUnit": false,
            "Caption": "Winter Paralympics",
            "AdRefreshFrequency": 15,
            "DateUpdated": "2014-03-05 20:42:24.806718",
            "DataSourceProperties": {
                "URL": null,
                "Id": "0000",
                "IsFullScreen": true
            },
            "TileProperties": {
                "DefaultDisplay": true,
                "Dimensions": {
                    "Width": 1,
                    "Height": 1
                },
                "IsFeatured": false,
                "Movable": true,
                "Removable": true,
                "HomeURL": "http://apcontextual.appspot.com/Tiles/featured/medal/poly.html",
                "HomeTileStatus": true,
                "Size": "standard"
            },
            "Id": "agxzfmFwbW9iaWxlNTByGAsSD0FQU2VnbWVudFJlY29yZBjqs7BwDA",
            "DisplayOrder": 6
        },
        {
            "SubCategory": [ ],
            "Caption": "U.S. News",
            "HierarchyType": "client_media_us_english",
            "ListIndex": 7,
            "DataSourceProperties": {
                "Id": "268772"
            },
            "DataSourceType": "VerveCategory",
            "DateUpdated": "2013-06-26 10:18:03.039129",
            "Id": "agxzfmFwbW9iaWxlNTByHwsSFkFQQ29udGV4dHVhbE5hdmlnYXRpb24Y79WnBww",
            "DisplayOrder": 7,
            "TileProperties": {
                "DefaultDisplay": true,
                "Dimensions": {
                    "Width": 1,
                    "Height": 1
                },
                "IsFeature": false,
                "HomeURL": "http://services.apmobileapps.com/rest/v1/heroimages/get/268773",
                "Movable": true,
                "SponsorURL": null,
                "Removable": true,
                "TileText": "2nd day of sentencing in US Army general sex case",
                "HomeTileStatus": true,
                "Size": "standard"
            }
        },
        {
            "SubCategory": [
                {
                    "subCategoryId": "268779",
                    "Status": false,
                    "subCategoryName": "Latin America",
                    "Id": "agxzfmFwbW9iaWxlNTByHwsSFkFQQ29udGV4dHVhbE5hdmlnYXRpb24YkdWdBww"
                },
                {
                    "subCategoryId": "268782",
                    "Status": false,
                    "subCategoryName": "Middle East",
                    "Id": "agxzfmFwbW9iaWxlNTByHwsSFkFQQ29udGV4dHVhbE5hdmlnYXRpb24YkbqeBww"
                },
                {
                    "subCategoryId": "268778",
                    "Status": false,
                    "subCategoryName": "Africa",
                    "Id": "agxzfmFwbW9iaWxlNTByHwsSFkFQQ29udGV4dHVhbE5hdmlnYXRpb24Y9P-mBww"
                },
                {
                    "subCategoryId": "268781",
                    "Status": false,
                    "subCategoryName": "Europe",
                    "Id": "agxzfmFwbW9iaWxlNTByHwsSFkFQQ29udGV4dHVhbE5hdmlnYXRpb24YoeepBww"
                },
                {
                    "subCategoryId": "268780",
                    "Status": false,
                    "subCategoryName": "Asia Pacific",
                    "Id": "agxzfmFwbW9iaWxlNTByHwsSFkFQQ29udGV4dHVhbE5hdmlnYXRpb24Y35ixBww"
                }
            ],
            "Caption": "World",
            "HierarchyType": "client_media_us_english",
            "ListIndex": 8,
            "DataSourceProperties": {
                "Id": "268776"
            },
            "DataSourceType": "VerveCategory",
            "DateUpdated": "2013-06-26 10:18:02.769629",
            "Id": "agxzfmFwbW9iaWxlNTByHwsSFkFQQ29udGV4dHVhbE5hdmlnYXRpb24Yns2qBww",
            "DisplayOrder": 8,
            "TileProperties": {
                "DefaultDisplay": true,
                "Dimensions": {
                    "Width": 1,
                    "Height": 1
                },
                "IsFeature": false,
                "HomeURL": "http://services.apmobileapps.com/rest/v1/heroimages/get/268777",
                "Movable": true,
                "SponsorURL": null,
                "Removable": true,
                "TileText": "Biden in Poland as Russia seeks to annex Crimea",
                "HomeTileStatus": true,
                "Size": "standard"
            }
        },
        {
            "SubCategory": [ ],
            "Caption": "Oddities",
            "HierarchyType": "client_media_us_english",
            "ListIndex": 9,
            "DataSourceProperties": {
                "Id": "268785"
            },
            "DataSourceType": "VerveCategory",
            "DateUpdated": "2013-06-26 10:18:03.283427",
            "Id": "agxzfmFwbW9iaWxlNTByHwsSFkFQQ29udGV4dHVhbE5hdmlnYXRpb24Yk9WdBww",
            "DisplayOrder": 9,
            "TileProperties": {
                "DefaultDisplay": true,
                "Dimensions": {
                    "Width": 1,
                    "Height": 1
                },
                "IsFeature": false,
                "HomeURL": "http://services.apmobileapps.com/rest/v1/heroimages/get/268786",
                "Movable": true,
                "SponsorURL": null,
                "Removable": true,
                "TileText": "Upstate NY girl, 5, spends day at wrong school",
                "HomeTileStatus": true,
                "Size": "standard"
            }
        },
        {
            "SubCategory": [ ],
            "Caption": "Business",
            "HierarchyType": "client_media_us_english",
            "ListIndex": 9,
            "DataSourceProperties": {
                "Id": "268792"
            },
            "DataSourceType": "VerveCategory",
            "DateUpdated": "2013-06-26 10:18:03.554264",
            "Id": "agxzfmFwbW9iaWxlNTByHwsSFkFQQ29udGV4dHVhbE5hdmlnYXRpb24Y3sKwBww",
            "DisplayOrder": 9,
            "TileProperties": {
                "DefaultDisplay": true,
                "Dimensions": {
                    "Width": 1,
                    "Height": 1
                },
                "IsFeature": false,
                "HomeURL": "http://services.apmobileapps.com/rest/v1/heroimages/get/268793",
                "Movable": true,
                "SponsorURL": null,
                "Removable": true,
                "TileText": "Yellen to put Fed's new leadership on display",
                "HomeTileStatus": true,
                "Size": "standard"
            }
        },
        {
            "SubCategory": [ ],
            "Caption": "Politics",
            "HierarchyType": "client_media_us_english",
            "ListIndex": 10,
            "DataSourceProperties": {
                "Id": "268797"
            },
            "DataSourceType": "VerveCategory",
            "DateUpdated": "2013-06-26 10:18:03.462989",
            "Id": "agxzfmFwbW9iaWxlNTByHwsSFkFQQ29udGV4dHVhbE5hdmlnYXRpb24Y4ZixBww",
            "DisplayOrder": 10,
            "TileProperties": {
                "DefaultDisplay": true,
                "Dimensions": {
                    "Width": 1,
                    "Height": 1
                },
                "IsFeature": false,
                "HomeURL": "http://services.apmobileapps.com/rest/v1/heroimages/get/268798",
                "Movable": true,
                "SponsorURL": null,
                "Removable": true,
                "TileText": "Biden in Poland as Russia seeks to annex Crimea",
                "HomeTileStatus": true,
                "Size": "standard"
            }
        },
        {
            "SubCategory": [ ],
            "Caption": "Most Recent",
            "HierarchyType": "client_media_us_english",
            "ListIndex": 10,
            "DataSourceProperties": {
                "Id": "268743"
            },
            "DataSourceType": "VerveCategory",
            "DateUpdated": "2013-05-03 20:24:17.803476",
            "Id": "agxzfmFwbW9iaWxlNTByHwsSFkFQQ29udGV4dHVhbE5hdmlnYXRpb24Y5660Bww",
            "DisplayOrder": 10,
            "TileProperties": {
                "DefaultDisplay": false,
                "Dimensions": {
                    "Width": 1,
                    "Height": 1
                },
                "IsFeature": false,
                "HomeURL": "http://services.apmobileapps.com/rest/v1/heroimages/get/268743",
                "Movable": true,
                "SponsorURL": null,
                "Removable": true,
                "TileText": "Greece reaches long-delayed deal on bailout loans",
                "HomeTileStatus": false,
                "Size": "standard"
            }
        },
        {
            "SubCategory": [ ],
            "Caption": "Most Shared",
            "HierarchyType": "client_media_us_english",
            "ListIndex": 10,
            "DataSourceProperties": {
                "Id": "268744"
            },
            "DataSourceType": "VerveCategory",
            "DateUpdated": "2013-05-02 19:54:13.568994",
            "Id": "agxzfmFwbW9iaWxlNTByHwsSFkFQQ29udGV4dHVhbE5hdmlnYXRpb24Ypp2yBww",
            "DisplayOrder": 10,
            "TileProperties": {
                "DefaultDisplay": false,
                "Dimensions": {
                    "Width": 1,
                    "Height": 1
                },
                "IsFeature": false,
                "HomeURL": "http://services.apmobileapps.com/rest/v1/heroimages/get/268744",
                "Movable": true,
                "SponsorURL": null,
                "Removable": true,
                "TileText": "Final words from jet came after systems shutdown",
                "HomeTileStatus": false,
                "Size": "standard"
            }
        },
        {
            "SubCategory": [ ],
            "Caption": "Baseball",
            "HierarchyType": "client_media_us_english",
            "ListIndex": 20,
            "DataSourceProperties": {
                "Id": "268752"
            },
            "DataSourceType": "VerveCategory",
            "DateUpdated": "2013-05-02 19:55:02.622062",
            "Id": "agxzfmFwbW9iaWxlNTByHwsSFkFQQ29udGV4dHVhbE5hdmlnYXRpb24Yn-epBww",
            "DisplayOrder": 20,
            "TileProperties": {
                "DefaultDisplay": false,
                "Dimensions": {
                    "Width": 1,
                    "Height": 1
                },
                "IsFeature": false,
                "HomeURL": "http://services.apmobileapps.com/rest/v1/heroimages/get/268752",
                "Movable": true,
                "SponsorURL": null,
                "Removable": true,
                "TileText": "Dodgers, Diamondbacks arrive Down Under",
                "HomeTileStatus": false,
                "Size": "standard"
            }
        },
        {
            "SubCategory": [ ],
            "Caption": "Auto Racing",
            "HierarchyType": "client_media_us_english",
            "ListIndex": 20,
            "DataSourceProperties": {
                "Id": "268756"
            },
            "DataSourceType": "VerveCategory",
            "DateUpdated": "2013-05-02 19:54:30.613336",
            "Id": "agxzfmFwbW9iaWxlNTByHwsSFkFQQ29udGV4dHVhbE5hdmlnYXRpb24YlqSbBww",
            "DisplayOrder": 20,
            "TileProperties": {
                "DefaultDisplay": false,
                "Dimensions": {
                    "Width": 1,
                    "Height": 1
                },
                "IsFeature": false,
                "HomeURL": "http://services.apmobileapps.com/rest/v1/heroimages/get/268756",
                "Movable": true,
                "SponsorURL": null,
                "Removable": true,
                "TileText": "In The Pits: NASCAR needs to revamp schedule",
                "HomeTileStatus": false,
                "Size": "standard"
            }
        },
        {
            "SubCategory": [ ],
            "Caption": "Photo Gallery",
            "HierarchyType": "client_media_us_english",
            "ListIndex": 40,
            "DataSourceProperties": {
                "Id": "1111"
            },
            "DataSourceType": "VerveCategory",
            "DateUpdated": "2013-05-02 18:22:47.818939",
            "Id": "agxzfmFwbW9iaWxlNTByHwsSFkFQQ29udGV4dHVhbE5hdmlnYXRpb24Yw-akBww",
            "DisplayOrder": 40,
            "TileProperties": {
                "DefaultDisplay": true,
                "Dimensions": {
                    "Width": 1,
                    "Height": 1
                },
                "IsFeature": false,
                "HomeURL": "http://services.apmobileapps.com/rest/v1/heroimages/get/287620",
                "Movable": true,
                "SponsorURL": null,
                "Removable": true,
                "TileText": "Barack Obama",
                "HomeTileStatus": true,
                "Size": "standard"
            }
        },
        {
            "SubCategory": [ ],
            "Caption": "Technology",
            "HierarchyType": "client_media_us_english",
            "ListIndex": 80,
            "DataSourceProperties": {
                "Id": "268788"
            },
            "DataSourceType": "VerveCategory",
            "DateUpdated": "2013-06-26 10:18:03.373114",
            "Id": "agxzfmFwbW9iaWxlNTByHwsSFkFQQ29udGV4dHVhbE5hdmlnYXRpb24YwIalBww",
            "DisplayOrder": 80,
            "TileProperties": {
                "DefaultDisplay": true,
                "Dimensions": {
                    "Width": 1,
                    "Height": 1
                },
                "IsFeature": false,
                "HomeURL": "http://services.apmobileapps.com/rest/v1/heroimages/get/268789",
                "Movable": true,
                "SponsorURL": null,
                "Removable": true,
                "TileText": "Yahoo stock surges in anticipation of Alibaba IPO",
                "HomeTileStatus": true,
                "Size": "standard"
            }
        },
        {
            "SubCategory": [ ],
            "Caption": "Lifestyle",
            "HierarchyType": "client_media_us_english",
            "ListIndex": 80,
            "DataSourceProperties": {
                "Id": "268801"
            },
            "DataSourceType": "VerveCategory",
            "DateUpdated": "2013-06-26 10:18:03.668978",
            "Id": "agxzfmFwbW9iaWxlNTByHwsSFkFQQ29udGV4dHVhbE5hdmlnYXRpb24YoM2qBww",
            "DisplayOrder": 80,
            "TileProperties": {
                "DefaultDisplay": true,
                "Dimensions": {
                    "Width": 1,
                    "Height": 1
                },
                "IsFeature": false,
                "HomeURL": "http://services.apmobileapps.com/rest/v1/heroimages/get/268802",
                "Movable": true,
                "SponsorURL": null,
                "Removable": true,
                "TileText": "Designer Scott, girlfriend of Jagger, found dead",
                "HomeTileStatus": true,
                "Size": "standard"
            }
        },
        {
            "SubCategory": [ ],
            "Caption": "Video Gallery",
            "HierarchyType": "client_media_us_english",
            "ListIndex": 90,
            "DataSourceProperties": {
                "Id": "2222"
            },
            "DataSourceType": "VerveCategory",
            "DateUpdated": "2013-07-31 14:32:27.708774",
            "Id": "agxzfmFwbW9iaWxlNTByHwsSFkFQQ29udGV4dHVhbE5hdmlnYXRpb24Y__-ZBww",
            "DisplayOrder": 90,
            "TileProperties": {
                "DefaultDisplay": true,
                "Dimensions": {
                    "Width": 1,
                    "Height": 1
                },
                "IsFeature": false,
                "HomeURL": "http://services.apmobileapps.com/rest/v1/heroimages/get/2222?url=Tiles/Videos.png",
                "Movable": true,
                "SponsorURL": null,
                "Removable": true,
                "TileText": "AP Top Stories for March 18",
                "HomeTileStatus": true,
                "Size": "standard"
            }
        },
        {
            "SubCategory": [ ],
            "Caption": "Travel",
            "HierarchyType": "client_media_us_english",
            "ListIndex": 130,
            "DataSourceProperties": {
                "Id": "268804"
            },
            "DataSourceType": "VerveCategory",
            "DateUpdated": "2013-05-02 18:42:00.562408",
            "Id": "agxzfmFwbW9iaWxlNTByHwsSFkFQQ29udGV4dHVhbE5hdmlnYXRpb24Y4pixBww",
            "DisplayOrder": 130,
            "TileProperties": {
                "DefaultDisplay": true,
                "Dimensions": {
                    "Width": 1,
                    "Height": 1
                },
                "IsFeature": false,
                "HomeURL": "http://services.apmobileapps.com/rest/v1/heroimages/get/268805",
                "Movable": true,
                "SponsorURL": null,
                "Removable": true,
                "TileText": "Los Alamos Historical Society to hold Trinity tour",
                "HomeTileStatus": true,
                "Size": "standard"
            }
        },
        {
            "SubCategory": [ ],
            "Caption": "Health and Science",
            "HierarchyType": "client_media_us_english",
            "ListIndex": 140,
            "DataSourceProperties": {
                "Id": "268807"
            },
            "DataSourceType": "VerveCategory",
            "DateUpdated": "2013-12-04 16:27:11.718237",
            "Id": "agxzfmFwbW9iaWxlNTByHwsSFkFQQ29udGV4dHVhbE5hdmlnYXRpb24Y45ixBww",
            "DisplayOrder": 140,
            "TileProperties": {
                "DefaultDisplay": true,
                "Dimensions": {
                    "Width": 1,
                    "Height": 1
                },
                "IsFeature": false,
                "HomeURL": "http://services.apmobileapps.com/rest/v1/heroimages/get/268808",
                "Movable": true,
                "SponsorURL": null,
                "Removable": true,
                "TileText": "Israel building center for ancient artifacts",
                "HomeTileStatus": true,
                "Size": "standard"
            }
        },
        {
            "SubCategory": [ ],
            "Caption": "Religion",
            "HierarchyType": "client_media_us_english",
            "ListIndex": 160,
            "DataSourceProperties": {
                "Id": "268811"
            },
            "DataSourceType": "VerveCategory",
            "DateUpdated": "2013-12-04 16:27:11.896234",
            "Id": "agxzfmFwbW9iaWxlNTByHwsSFkFQQ29udGV4dHVhbE5hdmlnYXRpb24YpOepBww",
            "DisplayOrder": 160,
            "TileProperties": {
                "DefaultDisplay": true,
                "Dimensions": {
                    "Width": 1,
                    "Height": 1
                },
                "IsFeature": false,
                "HomeURL": "http://services.apmobileapps.com/rest/v1/heroimages/get/268812",
                "Movable": true,
                "SponsorURL": null,
                "Removable": true,
                "TileText": "Retired Pope Benedict critiqued Francis' interview",
                "HomeTileStatus": true,
                "Size": "standard"
            }
        },
        {
            "SubCategory": [ ],
            "Caption": "Travel",
            "HierarchyType": "client_media_us_english",
            "ListIndex": 1001,
            "DataSourceProperties": {
                "Id": "268825"
            },
            "DataSourceType": "VerveCategory",
            "DateUpdated": "2013-12-11 17:17:21.238568",
            "Id": "agxzfmFwbW9iaWxlNTByHwsSFkFQQ29udGV4dHVhbE5hdmlnYXRpb24Y456iBww",
            "DisplayOrder": 1001,
            "TileProperties": {
                "DefaultDisplay": false,
                "Dimensions": {
                    "Width": 1,
                    "Height": 1
                },
                "IsFeature": false,
                "HomeURL": "http://services.apmobileapps.com/rest/v1/heroimages/get/268825?url=PressReleaseCats/PressReleasesTravel.png",
                "Movable": true,
                "SponsorURL": null,
                "Removable": true,
                "TileText": "Roomlinx, Inc. (RMLX) and Signal Point Holdings Corp. Sign Agreement and Plan of Merger",
                "HomeTileStatus": true,
                "Size": "standard"
            }
        },
        {
            "SubCategory": [ ],
            "Caption": "Malaysian Plane",
            "HierarchyType": "client_media_us_english",
            "ListIndex": 260,
            "DataSourceProperties": {
                "Id": "340690"
            },
            "DataSourceType": "VerveCategory",
            "DateUpdated": "2014-03-11 22:45:30.566400",
            "Id": "agxzfmFwbW9iaWxlNTByIAsSFkFQQ29udGV4dHVhbE5hdmlnYXRpb24YvfiagQEM",
            "DisplayOrder": 260,
            "TileProperties": {
                "DefaultDisplay": false,
                "Dimensions": {
                    "Width": 2,
                    "Height": 1
                },
                "IsFeature": true,
                "HomeURL": "https://truthernews.files.wordpress.com/2014/03/4_us_citizen_on_missing_malaysia_airline_1399150000_3337178_ver1-0_640_480.jpg",
                "Movable": true,
                "SponsorURL": null,
                "Removable": true,
                "TileText": "",
                "HomeTileStatus": true,
                "Size": "standard"
            }
        },
        {
            "SubCategory": [ ],
            "Caption": "Ukraine Protests",
            "HierarchyType": "client_media_us_english",
            "ListIndex": 279,
            "DataSourceProperties": {
                "Id": "338509"
            },
            "DataSourceType": "VerveCategory",
            "DateUpdated": "2014-02-25 19:03:45.842945",
            "Id": "agxzfmFwbW9iaWxlNTByHwsSFkFQQ29udGV4dHVhbE5hdmlnYXRpb24Y4snubAw",
            "DisplayOrder": 279,
            "TileProperties": {
                "DefaultDisplay": false,
                "Dimensions": {
                    "Width": 2,
                    "Height": 1
                },
                "IsFeature": true,
                "HomeURL": "http://www.kvia.com/image/view/-/25511576/medRes/2/-/maxh/360/maxw/640/-/p341jgz/-/Ukraine-Russia-unrest-jpg.jpg",
                "Movable": true,
                "SponsorURL": null,
                "Removable": true,
                "TileText": "",
                "HomeTileStatus": true,
                "Size": "standard"
            }
        },
        {
            "SubCategory": [ ],
            "Caption": "Oscar Pistorius Trial",
            "HierarchyType": "client_media_us_english",
            "ListIndex": 280,
            "DataSourceProperties": {
                "Id": "339764"
            },
            "DataSourceType": "VerveCategory",
            "DateUpdated": "2014-03-03 19:18:00.605646",
            "Id": "agxzfmFwbW9iaWxlNTByHwsSFkFQQ29udGV4dHVhbE5hdmlnYXRpb24YnZSWcAw",
            "DisplayOrder": 280,
            "TileProperties": {
                "DefaultDisplay": false,
                "Dimensions": {
                    "Width": 2,
                    "Height": 1
                },
                "IsFeature": true,
                "HomeURL": "http://i2.cdn.turner.com/cnn/dam/assets/140313091157-01-pistorius-0313-horizontal-gallery.jpg",
                "Movable": true,
                "SponsorURL": null,
                "Removable": true,
                "TileText": "",
                "HomeTileStatus": true,
                "Size": "standard"
            }
        },
        {
            "SubCategory": [ ],
            "Caption": "Global Warming",
            "HierarchyType": "client_media_us_english",
            "ListIndex": 299,
            "DataSourceProperties": {
                "Id": "308670"
            },
            "DataSourceType": "VerveCategory",
            "DateUpdated": "2014-01-21 15:38:07.818242",
            "Id": "agxzfmFwbW9iaWxlNTByHwsSFkFQQ29udGV4dHVhbE5hdmlnYXRpb24Yt6SgVgw",
            "DisplayOrder": 299,
            "TileProperties": {
                "DefaultDisplay": false,
                "Dimensions": {
                    "Width": 2,
                    "Height": 1
                },
                "IsFeature": true,
                "HomeURL": "http://r.ddmcdn.com/w_640/h_360/gif/videos/dnews-global-warming-large.jpg",
                "Movable": true,
                "SponsorURL": null,
                "Removable": true,
                "TileText": "",
                "HomeTileStatus": true,
                "Size": "standard"
            }
        },
        {
            "SubCategory": [ ],
            "Caption": "PR - Automotive",
            "HierarchyType": "client_media_us_english",
            "ListIndex": 1001,
            "DataSourceProperties": {
                "Id": "268815"
            },
            "DataSourceType": "VerveCategory",
            "DateUpdated": "2014-02-25 20:06:07.428170",
            "Id": "agxzfmFwbW9iaWxlNTByHwsSFkFQQ29udGV4dHVhbE5hdmlnYXRpb24YldWdBww",
            "DisplayOrder": 1001,
            "TileProperties": {
                "DefaultDisplay": false,
                "Dimensions": {
                    "Width": 1,
                    "Height": 1
                },
                "IsFeature": false,
                "HomeURL": "http://services.apmobileapps.com/rest/v1/heroimages/get/268815?url=PressReleaseCats/PressReleasesAuto.png",
                "Movable": true,
                "SponsorURL": null,
                "Removable": true,
                "TileText": "QAD Leads Discussion about New Version of the AIAG/Odette Materials Management Operations Guideline/Logistics Evaluation (MMOG/LE)",
                "HomeTileStatus": false,
                "Size": "standard"
            }
        },
        {
            "SubCategory": [
                {
                    "subCategoryId": "268816",
                    "Status": false,
                    "subCategoryName": "PR - Business",
                    "Id": "agxzfmFwbW9iaWxlNTByHwsSFkFQQ29udGV4dHVhbE5hdmlnYXRpb24Ym6SbBww"
                },
                {
                    "subCategoryId": "268815",
                    "Status": false,
                    "subCategoryName": "PR - Automotive",
                    "Id": "agxzfmFwbW9iaWxlNTByHwsSFkFQQ29udGV4dHVhbE5hdmlnYXRpb24YldWdBww"
                },
                {
                    "subCategoryId": "268822",
                    "Status": false,
                    "subCategoryName": "PR - Religion",
                    "Id": "agxzfmFwbW9iaWxlNTByHwsSFkFQQ29udGV4dHVhbE5hdmlnYXRpb24YltWdBww"
                },
                {
                    "subCategoryId": "268824",
                    "Status": false,
                    "subCategoryName": "PR - Technology",
                    "Id": "agxzfmFwbW9iaWxlNTByHwsSFkFQQ29udGV4dHVhbE5hdmlnYXRpb24Yl9WdBww"
                },
                {
                    "subCategoryId": "268818",
                    "Status": false,
                    "subCategoryName": "PR - Home & Family",
                    "Id": "agxzfmFwbW9iaWxlNTByHwsSFkFQQ29udGV4dHVhbE5hdmlnYXRpb24YlLqeBww"
                },
                {
                    "subCategoryId": "268819",
                    "Status": false,
                    "subCategoryName": "PR - Medical",
                    "Id": "agxzfmFwbW9iaWxlNTByHwsSFkFQQ29udGV4dHVhbE5hdmlnYXRpb24Y4qygBww"
                },
                {
                    "subCategoryId": "268825",
                    "Status": false,
                    "subCategoryName": "PR - Travel",
                    "Id": "agxzfmFwbW9iaWxlNTByHwsSFkFQQ29udGV4dHVhbE5hdmlnYXRpb24Y456iBww"
                },
                {
                    "subCategoryId": "268820",
                    "Status": false,
                    "subCategoryName": "PR - Miscellaneous",
                    "Id": "agxzfmFwbW9iaWxlNTByHwsSFkFQQ29udGV4dHVhbE5hdmlnYXRpb24YwYalBww"
                },
                {
                    "subCategoryId": "268821",
                    "Status": false,
                    "subCategoryName": "PR - Politics",
                    "Id": "agxzfmFwbW9iaWxlNTByHwsSFkFQQ29udGV4dHVhbE5hdmlnYXRpb24Y9_-mBww"
                },
                {
                    "subCategoryId": "268817",
                    "Status": false,
                    "subCategoryName": "PR - Consumer",
                    "Id": "agxzfmFwbW9iaWxlNTByHwsSFkFQQ29udGV4dHVhbE5hdmlnYXRpb24Y8dWnBww"
                },
                {
                    "subCategoryId": "268814",
                    "Status": false,
                    "subCategoryName": "PR - Entertainment",
                    "Id": "agxzfmFwbW9iaWxlNTByHwsSFkFQQ29udGV4dHVhbE5hdmlnYXRpb24Yoc2qBww"
                },
                {
                    "subCategoryId": "268823",
                    "Status": false,
                    "subCategoryName": "PR - Sports",
                    "Id": "agxzfmFwbW9iaWxlNTByHwsSFkFQQ29udGV4dHVhbE5hdmlnYXRpb24Yos2qBww"
                }
            ],
            "Caption": "Press Releases",
            "HierarchyType": "client_media_us_english",
            "ListIndex": 1001,
            "DataSourceProperties": {
                "Id": "268813"
            },
            "DataSourceType": "VerveCategory",
            "DateUpdated": "2014-01-06 18:17:28.602669",
            "Id": "agxzfmFwbW9iaWxlNTByHwsSFkFQQ29udGV4dHVhbE5hdmlnYXRpb24Y38KwBww",
            "DisplayOrder": 1001,
            "TileProperties": {
                "DefaultDisplay": true,
                "Dimensions": {
                    "Width": 1,
                    "Height": 1
                },
                "IsFeature": false,
                "HomeURL": "http://services.apmobileapps.com/rest/v1/heroimages/get/268820?url=PressReleaseCats/PressReleasesMisc1.png",
                "Movable": true,
                "SponsorURL": null,
                "Removable": true,
                "TileText": "Research and Markets: Zoos and Amusement Parks in Nordic Countries - 2014 Analysis of The Top 70 Companies",
                "HomeTileStatus": true,
                "Size": "standard"
            }
        },
        {
            "SubCategory": [ ],
            "Caption": "PR - Technology",
            "HierarchyType": "client_media_us_english",
            "ListIndex": 1001,
            "DataSourceProperties": {
                "Id": "268824"
            },
            "DataSourceType": "VerveCategory",
            "DateUpdated": "2013-12-11 17:16:43.188340",
            "Id": "agxzfmFwbW9iaWxlNTByHwsSFkFQQ29udGV4dHVhbE5hdmlnYXRpb24Yl9WdBww",
            "DisplayOrder": 1001,
            "TileProperties": {
                "DefaultDisplay": false,
                "Dimensions": {
                    "Width": 1,
                    "Height": 1
                },
                "IsFeature": false,
                "HomeURL": "http://services.apmobileapps.com/rest/v1/heroimages/get/268824?url=PressReleaseCats/PressReleasesTechnology.png",
                "Movable": true,
                "SponsorURL": null,
                "Removable": true,
                "TileText": "Research and Markets: Research Report: Analysis of the Global RFID in Manufacturing Market",
                "HomeTileStatus": false,
                "Size": "standard"
            }
        },
        {
            "SubCategory": [ ],
            "Caption": "PR - Sports",
            "HierarchyType": "client_media_us_english",
            "ListIndex": 1001,
            "DataSourceProperties": {
                "Id": "268823"
            },
            "DataSourceType": "VerveCategory",
            "DateUpdated": "2013-12-11 17:16:03.125874",
            "Id": "agxzfmFwbW9iaWxlNTByHwsSFkFQQ29udGV4dHVhbE5hdmlnYXRpb24Yos2qBww",
            "DisplayOrder": 1001,
            "TileProperties": {
                "DefaultDisplay": false,
                "Dimensions": {
                    "Width": 1,
                    "Height": 1
                },
                "IsFeature": false,
                "HomeURL": "http://services.apmobileapps.com/rest/v1/heroimages/get/268823?url=PressReleaseCats/PressReleasesSports.png",
                "Movable": true,
                "SponsorURL": null,
                "Removable": true,
                "TileText": "Celebrate 20 Years of Bike Commuting During Bike Month in May",
                "HomeTileStatus": false,
                "Size": "standard"
            }
        },
        {
            "SubCategory": [ ],
            "Caption": "PR - Politics",
            "HierarchyType": "client_media_us_english",
            "ListIndex": 1001,
            "DataSourceProperties": {
                "Id": "268821"
            },
            "DataSourceType": "VerveCategory",
            "DateUpdated": "2013-12-11 17:11:13.181913",
            "Id": "agxzfmFwbW9iaWxlNTByHwsSFkFQQ29udGV4dHVhbE5hdmlnYXRpb24Y9_-mBww",
            "DisplayOrder": 1001,
            "TileProperties": {
                "DefaultDisplay": false,
                "Dimensions": {
                    "Width": 1,
                    "Height": 1
                },
                "IsFeature": false,
                "HomeURL": "http://services.apmobileapps.com/rest/v1/heroimages/get/268821?url=PressReleaseCats/PressReleasesPolitics.png",
                "Movable": true,
                "SponsorURL": null,
                "Removable": true,
                "TileText": "Research Recommends Innovation to Boost Federal IT Success",
                "HomeTileStatus": false,
                "Size": "standard"
            }
        },
        {
            "SubCategory": [ ],
            "Caption": "PR - Business",
            "HierarchyType": "client_media_us_english",
            "ListIndex": 1001,
            "DataSourceProperties": {
                "Id": "268816"
            },
            "DataSourceType": "VerveCategory",
            "DateUpdated": "2013-12-11 17:04:51.406082",
            "Id": "agxzfmFwbW9iaWxlNTByHwsSFkFQQ29udGV4dHVhbE5hdmlnYXRpb24Ym6SbBww",
            "DisplayOrder": 1001,
            "TileProperties": {
                "DefaultDisplay": false,
                "Dimensions": {
                    "Width": 1,
                    "Height": 1
                },
                "IsFeature": false,
                "HomeURL": "http://services.apmobileapps.com/rest/v1/heroimages/get/268816?url=PressReleaseCats/PressReleasesBiz.png",
                "Movable": true,
                "SponsorURL": null,
                "Removable": true,
                "TileText": "Research and Markets: Research Report: Analysis of the Global RFID in Manufacturing Market",
                "HomeTileStatus": false,
                "Size": "standard"
            }
        },
        {
            "SubCategory": [ ],
            "Caption": "PR - Miscellaneous",
            "HierarchyType": "client_media_us_english",
            "ListIndex": 1001,
            "DataSourceProperties": {
                "Id": "268820"
            },
            "DataSourceType": "VerveCategory",
            "DateUpdated": "2013-12-11 14:48:23.546894",
            "Id": "agxzfmFwbW9iaWxlNTByHwsSFkFQQ29udGV4dHVhbE5hdmlnYXRpb24YwYalBww",
            "DisplayOrder": 1001,
            "TileProperties": {
                "DefaultDisplay": false,
                "Dimensions": {
                    "Width": 1,
                    "Height": 1
                },
                "IsFeature": false,
                "HomeURL": "http://services.apmobileapps.com/rest/v1/heroimages/get/268820?url=PressReleaseCats/PressReleasesMisc.png",
                "Movable": true,
                "SponsorURL": null,
                "Removable": true,
                "TileText": "Research and Markets: Rode's Report on the SA Property Market Online",
                "HomeTileStatus": false,
                "Size": "standard"
            }
        },
        {
            "SubCategory": [ ],
            "Caption": "PR - Medical",
            "HierarchyType": "client_media_us_english",
            "ListIndex": 1001,
            "DataSourceProperties": {
                "Id": "268819"
            },
            "DataSourceType": "VerveCategory",
            "DateUpdated": "2013-12-11 14:45:27.715197",
            "Id": "agxzfmFwbW9iaWxlNTByHwsSFkFQQ29udGV4dHVhbE5hdmlnYXRpb24Y4qygBww",
            "DisplayOrder": 1001,
            "TileProperties": {
                "DefaultDisplay": false,
                "Dimensions": {
                    "Width": 1,
                    "Height": 1
                },
                "IsFeature": false,
                "HomeURL": "http://services.apmobileapps.com/rest/v1/heroimages/get/268819?url=PressReleaseCats/PressReleasesHealth.png",
                "Movable": true,
                "SponsorURL": null,
                "Removable": true,
                "TileText": "Ascom signs large service agreement",
                "HomeTileStatus": false,
                "Size": "standard"
            }
        },
        {
            "SubCategory": [ ],
            "Caption": "PR - Home & Family",
            "HierarchyType": "client_media_us_english",
            "ListIndex": 1001,
            "DataSourceProperties": {
                "Id": "268818"
            },
            "DataSourceType": "VerveCategory",
            "DateUpdated": "2013-12-11 14:44:31.318331",
            "Id": "agxzfmFwbW9iaWxlNTByHwsSFkFQQ29udGV4dHVhbE5hdmlnYXRpb24YlLqeBww",
            "DisplayOrder": 1001,
            "TileProperties": {
                "DefaultDisplay": false,
                "Dimensions": {
                    "Width": 1,
                    "Height": 1
                },
                "IsFeature": false,
                "HomeURL": "http://services.apmobileapps.com/rest/v1/heroimages/get/268818?url=PressReleaseCats/PressReleasesHome.png",
                "Movable": true,
                "SponsorURL": null,
                "Removable": true,
                "TileText": "Ecoscraps Partners With St. Louis Composting to Expand Availability in Midwest",
                "HomeTileStatus": false,
                "Size": "standard"
            }
        },
        {
            "SubCategory": [ ],
            "Caption": "PR - Entertainment",
            "HierarchyType": "client_media_us_english",
            "ListIndex": 1001,
            "DataSourceProperties": {
                "Id": "268814"
            },
            "DataSourceType": "VerveCategory",
            "DateUpdated": "2013-12-09 20:15:40.571915",
            "Id": "agxzfmFwbW9iaWxlNTByHwsSFkFQQ29udGV4dHVhbE5hdmlnYXRpb24Yoc2qBww",
            "DisplayOrder": 1001,
            "TileProperties": {
                "DefaultDisplay": false,
                "Dimensions": {
                    "Width": 1,
                    "Height": 1
                },
                "IsFeature": false,
                "HomeURL": "http://apcontextual.appspot.com/PressReleaseCats/PressReleasesEnt.png",
                "Movable": true,
                "SponsorURL": null,
                "Removable": true,
                "TileText": "Research and Markets: Zoos and Amusement Parks in Nordic Countries - 2014 Analysis of The Top 70 Companies",
                "HomeTileStatus": false,
                "Size": "standard"
            }
        },
        {
            "SubCategory": [ ],
            "Caption": "Celebrity",
            "HierarchyType": "client_media_us_english",
            "ListIndex": 1001,
            "DataSourceProperties": {
                "Id": "268765"
            },
            "DataSourceType": "VerveCategory",
            "DateUpdated": "2013-06-26 10:18:02.627095",
            "Id": "agxzfmFwbW9iaWxlNTByHwsSFkFQQ29udGV4dHVhbE5hdmlnYXRpb24Ync2qBww",
            "DisplayOrder": 1001,
            "TileProperties": {
                "DefaultDisplay": false,
                "Dimensions": {
                    "Width": 1,
                    "Height": 1
                },
                "IsFeature": false,
                "HomeURL": "http://services.apmobileapps.com/rest/v1/heroimages/get/268765",
                "Movable": true,
                "SponsorURL": null,
                "Removable": true,
                "TileText": "Rolling Stones scrap show after L'Wren Scott death",
                "HomeTileStatus": true,
                "Size": "standard"
            }
        },
        {
            "SubCategory": [ ],
            "Caption": "Basketball",
            "HierarchyType": "client_media_us_english",
            "ListIndex": 1001,
            "DataSourceProperties": {
                "Id": "268754"
            },
            "DataSourceType": "VerveCategory",
            "DateUpdated": "2013-05-20 20:26:04.376537",
            "Id": "agxzfmFwbW9iaWxlNTByHwsSFkFQQ29udGV4dHVhbE5hdmlnYXRpb24Yg5rVBww",
            "DisplayOrder": 1001,
            "TileProperties": {
                "DefaultDisplay": false,
                "Dimensions": {
                    "Width": 1,
                    "Height": 1
                },
                "IsFeature": false,
                "HomeURL": "http://services.apmobileapps.com/rest/v1/heroimages/get/268754",
                "Movable": true,
                "SponsorURL": null,
                "Removable": true,
                "TileText": "NBA Calendar",
                "HomeTileStatus": true,
                "Size": "standard"
            }
        },
        {
            "SubCategory": [ ],
            "Caption": "Football",
            "HierarchyType": "client_media_us_english",
            "ListIndex": 1001,
            "DataSourceProperties": {
                "Id": "268751"
            },
            "DataSourceType": "VerveCategory",
            "DateUpdated": "2013-05-10 13:56:58.939194",
            "Id": "agxzfmFwbW9iaWxlNTByHwsSFkFQQ29udGV4dHVhbE5hdmlnYXRpb24Y7tWnBww",
            "DisplayOrder": 1001,
            "TileProperties": {
                "DefaultDisplay": false,
                "Dimensions": {
                    "Width": 1,
                    "Height": 1
                },
                "IsFeature": false,
                "HomeURL": "http://services.apmobileapps.com/rest/v1/heroimages/get/268751",
                "Movable": true,
                "SponsorURL": null,
                "Removable": true,
                "TileText": "Colts owner Jim Irsay has double image in media",
                "HomeTileStatus": true,
                "Size": "standard"
            }
        },
        {
            "SubCategory": [ ],
            "Caption": "Middle East",
            "HierarchyType": "client_media_us_english",
            "ListIndex": 1001,
            "DataSourceProperties": {
                "Id": "268782"
            },
            "DataSourceType": "VerveCategory",
            "DateUpdated": "2013-05-03 20:27:17.200474",
            "Id": "agxzfmFwbW9iaWxlNTByHwsSFkFQQ29udGV4dHVhbE5hdmlnYXRpb24YkbqeBww",
            "DisplayOrder": 1001,
            "TileProperties": {
                "DefaultDisplay": false,
                "Dimensions": {
                    "Width": 1,
                    "Height": 1
                },
                "IsFeature": false,
                "HomeURL": "http://services.apmobileapps.com/rest/v1/heroimages/get/268782",
                "Movable": true,
                "SponsorURL": null,
                "Removable": true,
                "TileText": "In Syrian spillover, hostilities swell in Lebanon",
                "HomeTileStatus": true,
                "Size": "standard"
            }
        },
        {
            "SubCategory": [ ],
            "Caption": "Latin America",
            "HierarchyType": "client_media_us_english",
            "ListIndex": 1001,
            "DataSourceProperties": {
                "Id": "268779"
            },
            "DataSourceType": "VerveCategory",
            "DateUpdated": "2013-05-03 20:27:09.295363",
            "Id": "agxzfmFwbW9iaWxlNTByHwsSFkFQQ29udGV4dHVhbE5hdmlnYXRpb24YkdWdBww",
            "DisplayOrder": 1001,
            "TileProperties": {
                "DefaultDisplay": false,
                "Dimensions": {
                    "Width": 1,
                    "Height": 1
                },
                "IsFeature": false,
                "HomeURL": "http://services.apmobileapps.com/rest/v1/heroimages/get/268779",
                "Movable": true,
                "SponsorURL": null,
                "Removable": true,
                "TileText": "Venezuelan troops take control of protest plaza",
                "HomeTileStatus": true,
                "Size": "standard"
            }
        },
        {
            "SubCategory": [ ],
            "Caption": "Europe",
            "HierarchyType": "client_media_us_english",
            "ListIndex": 1001,
            "DataSourceProperties": {
                "Id": "268781"
            },
            "DataSourceType": "VerveCategory",
            "DateUpdated": "2013-05-03 20:26:59.769715",
            "Id": "agxzfmFwbW9iaWxlNTByHwsSFkFQQ29udGV4dHVhbE5hdmlnYXRpb24YoeepBww",
            "DisplayOrder": 1001,
            "TileProperties": {
                "DefaultDisplay": false,
                "Dimensions": {
                    "Width": 1,
                    "Height": 1
                },
                "IsFeature": false,
                "HomeURL": "http://services.apmobileapps.com/rest/v1/heroimages/get/268781",
                "Movable": true,
                "SponsorURL": null,
                "Removable": true,
                "TileText": "Crimean leaders sign treaty to join Russia",
                "HomeTileStatus": true,
                "Size": "standard"
            }
        },
        {
            "SubCategory": [ ],
            "Caption": "Asia Pacific",
            "HierarchyType": "client_media_us_english",
            "ListIndex": 1001,
            "DataSourceProperties": {
                "Id": "268780"
            },
            "DataSourceType": "VerveCategory",
            "DateUpdated": "2013-05-03 20:26:50.351662",
            "Id": "agxzfmFwbW9iaWxlNTByHwsSFkFQQ29udGV4dHVhbE5hdmlnYXRpb24Y35ixBww",
            "DisplayOrder": 1001,
            "TileProperties": {
                "DefaultDisplay": false,
                "Dimensions": {
                    "Width": 1,
                    "Height": 1
                },
                "IsFeature": false,
                "HomeURL": "http://services.apmobileapps.com/rest/v1/heroimages/get/268780",
                "Movable": true,
                "SponsorURL": null,
                "Removable": true,
                "TileText": "China finds no terror link to its nationals on jet",
                "HomeTileStatus": true,
                "Size": "standard"
            }
        },
        {
            "SubCategory": [ ],
            "Caption": "Africa",
            "HierarchyType": "client_media_us_english",
            "ListIndex": 1001,
            "DataSourceProperties": {
                "Id": "268778"
            },
            "DataSourceType": "VerveCategory",
            "DateUpdated": "2013-05-03 20:26:40.610454",
            "Id": "agxzfmFwbW9iaWxlNTByHwsSFkFQQ29udGV4dHVhbE5hdmlnYXRpb24Y9P-mBww",
            "DisplayOrder": 1001,
            "TileProperties": {
                "DefaultDisplay": false,
                "Dimensions": {
                    "Width": 1,
                    "Height": 1
                },
                "IsFeature": false,
                "HomeURL": "http://services.apmobileapps.com/rest/v1/heroimages/get/268778",
                "Movable": true,
                "SponsorURL": null,
                "Removable": true,
                "TileText": "Pistorius trial: Defense alleges police errors",
                "HomeTileStatus": true,
                "Size": "standard"
            }
        },
        {
            "SubCategory": [ ],
            "Caption": "TV",
            "HierarchyType": "client_media_us_english",
            "ListIndex": 1001,
            "DataSourceProperties": {
                "Id": "268768"
            },
            "DataSourceType": "VerveCategory",
            "DateUpdated": "2013-05-03 20:26:29.416529",
            "Id": "agxzfmFwbW9iaWxlNTByHwsSFkFQQ29udGV4dHVhbE5hdmlnYXRpb24Y3pixBww",
            "DisplayOrder": 1001,
            "TileProperties": {
                "DefaultDisplay": false,
                "Dimensions": {
                    "Width": 1,
                    "Height": 1
                },
                "IsFeature": false,
                "HomeURL": "http://services.apmobileapps.com/rest/v1/heroimages/get/268768",
                "Movable": true,
                "SponsorURL": null,
                "Removable": true,
                "TileText": "NYC night court becomes must-see tourist stop",
                "HomeTileStatus": true,
                "Size": "standard"
            }
        },
        {
            "SubCategory": [ ],
            "Caption": "Reviews",
            "HierarchyType": "client_media_us_english",
            "ListIndex": 1001,
            "DataSourceProperties": {
                "Id": "268769"
            },
            "DataSourceType": "VerveCategory",
            "DateUpdated": "2013-05-03 20:26:16.958458",
            "Id": "agxzfmFwbW9iaWxlNTByHwsSFkFQQ29udGV4dHVhbE5hdmlnYXRpb24Y6a60Bww",
            "DisplayOrder": 1001,
            "TileProperties": {
                "DefaultDisplay": false,
                "Dimensions": {
                    "Width": 1,
                    "Height": 1
                },
                "IsFeature": false,
                "HomeURL": "http://services.apmobileapps.com/rest/v1/heroimages/get/268769",
                "Movable": true,
                "SponsorURL": null,
                "Removable": true,
                "TileText": "Review: Jo Dee Messina shines on new album 'Me'",
                "HomeTileStatus": true,
                "Size": "standard"
            }
        },
        {
            "SubCategory": [ ],
            "Caption": "Soccer",
            "HierarchyType": "client_media_us_english",
            "ListIndex": 1001,
            "DataSourceProperties": {
                "Id": "268759"
            },
            "DataSourceType": "VerveCategory",
            "DateUpdated": "2013-05-03 20:25:26.276460",
            "Id": "agxzfmFwbW9iaWxlNTByHwsSFkFQQ29udGV4dHVhbE5hdmlnYXRpb24YkLqeBww",
            "DisplayOrder": 1001,
            "TileProperties": {
                "DefaultDisplay": false,
                "Dimensions": {
                    "Width": 1,
                    "Height": 1
                },
                "IsFeature": false,
                "HomeURL": "http://services.apmobileapps.com/rest/v1/heroimages/get/268759",
                "Movable": true,
                "SponsorURL": null,
                "Removable": true,
                "TileText": "Qatar WCup organizers: We adhered to ethics rules",
                "HomeTileStatus": true,
                "Size": "standard"
            }
        },
        {
            "SubCategory": [ ],
            "Caption": "Hockey",
            "HierarchyType": "client_media_us_english",
            "ListIndex": 1001,
            "DataSourceProperties": {
                "Id": "268755"
            },
            "DataSourceType": "VerveCategory",
            "DateUpdated": "2013-05-03 20:25:13.037485",
            "Id": "agxzfmFwbW9iaWxlNTByHwsSFkFQQ29udGV4dHVhbE5hdmlnYXRpb24YnM2qBww",
            "DisplayOrder": 1001,
            "TileProperties": {
                "DefaultDisplay": false,
                "Dimensions": {
                    "Width": 1,
                    "Height": 1
                },
                "IsFeature": false,
                "HomeURL": "http://services.apmobileapps.com/rest/v1/heroimages/get/268755",
                "Movable": true,
                "SponsorURL": null,
                "Removable": true,
                "TileText": "Yandle, Halpern lift Coyotes over Kings 4-3",
                "HomeTileStatus": true,
                "Size": "standard"
            }
        },
        {
            "SubCategory": [ ],
            "Caption": "College Sports",
            "HierarchyType": "client_media_us_english",
            "ListIndex": 1001,
            "DataSourceProperties": {
                "Id": "268753"
            },
            "DataSourceType": "VerveCategory",
            "DateUpdated": "2013-05-03 20:24:47.207225",
            "Id": "agxzfmFwbW9iaWxlNTByHwsSFkFQQ29udGV4dHVhbE5hdmlnYXRpb24Yj7qeBww",
            "DisplayOrder": 1001,
            "TileProperties": {
                "DefaultDisplay": false,
                "Dimensions": {
                    "Width": 1,
                    "Height": 1
                },
                "IsFeature": false,
                "HomeURL": "http://services.apmobileapps.com/rest/v1/heroimages/get/268753",
                "Movable": true,
                "SponsorURL": null,
                "Removable": true,
                "TileText": "Huskies, Irish, Lady Vols, Gamecocks earn 1 seeds",
                "HomeTileStatus": true,
                "Size": "standard"
            }
        },
        {
            "SubCategory": [ ],
            "Caption": "Consumer",
            "HierarchyType": "client_media_us_english",
            "ListIndex": 1001,
            "DataSourceProperties": {
                "Id": "268817"
            },
            "DataSourceType": "VerveCategory",
            "DateUpdated": "2013-12-11 17:06:08.984757",
            "Id": "agxzfmFwbW9iaWxlNTByHwsSFkFQQ29udGV4dHVhbE5hdmlnYXRpb24Y8dWnBww",
            "DisplayOrder": 1001,
            "TileProperties": {
                "DefaultDisplay": false,
                "Dimensions": {
                    "Width": 1,
                    "Height": 1
                },
                "IsFeature": false,
                "HomeURL": "http://services.apmobileapps.com/rest/v1/heroimages/get/268817?url=PressReleaseCats/PressReleasesConsumer.png",
                "Movable": true,
                "SponsorURL": null,
                "Removable": true,
                "TileText": "Ecoscraps Partners With St. Louis Composting to Expand Availability in Midwest",
                "HomeTileStatus": true,
                "Size": "standard"
            }
        },
        {
            "SubCategory": [ ],
            "Caption": "Architecture",
            "HierarchyType": "client_media_us_english",
            "ListIndex": 1001,
            "DataSourceProperties": {
                "Id": "268822"
            },
            "DataSourceType": "VerveCategory",
            "DateUpdated": "2013-12-11 17:11:55.464141",
            "Id": "agxzfmFwbW9iaWxlNTByHwsSFkFQQ29udGV4dHVhbE5hdmlnYXRpb24YltWdBww",
            "DisplayOrder": 1001,
            "TileProperties": {
                "DefaultDisplay": false,
                "Dimensions": {
                    "Width": 1,
                    "Height": 1
                },
                "IsFeature": false,
                "HomeURL": "http://services.apmobileapps.com/rest/v1/heroimages/get/268822?url=PressReleaseCats/PressReleasesReligion.png",
                "Movable": true,
                "SponsorURL": null,
                "Removable": true,
                "TileText": "The New National Civil Rights Museum Opens to the Public April 5, 2014",
                "HomeTileStatus": true,
                "Size": "standard"
            }
        }
    ]
}
